geton_stataion_name,usage
한라병원,2913
제주시청(광양방면),2911
제주대학교,2710
제주시청(아라방면),2480
동문로터리(동문시장),2240
제주시외버스터미널,2206
제주버스터미널,2130
노형오거리,1899
제주도청신제주로터리,1789
제주국제공항(구제주방면),1745
시외버스출발지(가상정류소),1642
제주국제공항(신제주방면),1541
천수동,1209
중앙로(국민은행),1152
화북남문,1128
제주동중학교,1094
동광양,1030
인화초등학교,1023
아라주공아파트,1015
제주민속오일장,1001
제주중앙여자고등학교(광양방면),975
중앙로터리(동),963
관덕정,935
제주한라대학교,920
제주지방법원(광양방면),904
제주여자상업고등학교,895
중문환승정류장(중문우체국),886
제주대학교병원,869
고산동산(광양방면),864
함덕환승정류장(함덕해수욕장),862
제주여자중고등학교(광양방면),821
중앙로터리,817
시민회관,808
은남동,803
용문사거리,787
연동주민센터,772
제주고등학교/중흥S클래스,757
제주은행,754
한림환승정류장(한림리),740
정존마을,713
구터미널,703
서귀포시구시외버스터미널,703
한국병원,695
중앙로(현대약국),675
제주월드컵경기장,655
중문초등학교,646
삼양동주민센터,627
탐라장애인종합복지관,624
원노형,615
제주월드컵경기장서귀포버스터미널,603
삼무공원사거리,601
동문로터리,581
도호동,577
용담1동주민센터,575
광양,558
제원아파트,549
제주동초등학교,547
서귀포시외버스터미널(가상정류소),547
서문시장,537
광양사거리,529
인다마을,528
제주중앙여자고등학교(아라방면),520
문예회관,517
고산동산(아라방면),511
제주지방법원(아라방면),504
아라동주민센터,490
오현중고등학교,481
노형우체국,478
화북휴먼시아,477
남국원(광양방면),471
남서광마을입구,471
제주여자중고등학교(아라방면),463
비석거리,460
하귀초등학교,455
"제주국제공항(일주동로,516도로)",447
"제주국제공항(대정,화순,일주서로)",437
정부제주지방합동청사,436
"제주국제공항(평화로,800번)",436
제주국제공항(600번),434
화북주공아파트,431
서귀포등기소,429
외도부영1차아파트,414
산천단한국폴리텍대학,412
삼양2동,404
성산일출봉입구,403
연동대림1차아파트,402
남녕고등학교,382
표선환승정류장(표선면사무소),371
신촌초등학교,365
제주관광대학,354
동광환승정류장4(제주방면),351
중앙로(동문시장),350
청소년문화의집,347
서귀북초등학교,346
제주국제공항,346
외도초등학교,345
롯데마트,344
세화환승정류장(세화리),344
제주대학교입구,337
중문동,330
월랑마을남녕고등학교,324
삼양초등학교,319
큰동네,313
성산환승정류장(고성리한국물류),310
외도부영2차아파트,304
봉개동,303
한라수목원,290
서해아파트,288
한담동,285
남원포구입구,279
중앙로(중앙성당),277
남서광마을,274
제주대학교교육대학,273
삼무공원,273
하모2리,270
남국원(아라방면),264
남군농협,264
화순환승정류장(안덕농협),261
노형초등학교,259
용천마을,257
하귀우체국,254
대유대림아파트,253
삼성초등학교,252
남원읍사무소,246
조천리,245
주공34단지,244
보성시장,240
백록초등학교,240
서귀포여자고등학교,239
성산항,239
신촌리,232
아라초등학교,228
일우한란아파트,228
삼화지구,227
제주관광대학(가상),223
도련1동,222
함덕리(3구),220
김녕환승정류장(김녕초등학교),216
한라중학교/부영아파트,214
우령마을입구,212
부영아파트,207
하귀환승정류장(하귀하나로마트),204
조천환승정류장(조천우체국),202
대림아파트,202
거로입구,201
세기아파트,198
중문관광단지입구,198
제주제일고등학교,198
월산마을,197
보건소,194
사대부고,192
남녕마트,190
성판악,190
케이티앤지,189
주공아파트5단지,189
남원환승정류장(남원읍사무소),189
함덕농협지소,189
용문마을회관,189
월랑초등학교,187
사평마을,184
고성리제주은행,180
산남새마을금고,180
동광환승정류장5(서귀방면),179
하귀하나로마트,178
용문마을,178
렛츠런파크,178
성산항입구,176
대학동,176
모슬포남항여객선터미널(운진항),176
인화동,176
동홍사거리,175
NHF삼화1단지,175
동산교,172
대림2차아파트,171
효돈초등학교,170
노형주공아파트,170
남성마을입구,169
제주국제대학교,166
홍랑로입구,165
표선환승정류장(표선리사무소),165
천제연폭포,163
대기고등학교,162
해안동입구,162
토평마을회관,161
대정환승정류장(대정읍사무소),161
신시가지,158
삼성여자고등학교,157
신흥리(마을입구)함덕고등학교,156
남원1리사무소,154
이호2동,154
협재해수욕장,154
제주중학교/제주향교,153
하모3리,152
구삼일금고,150
대평리,150
애월고등학교,148
중문고등학교,148
신성마을,147
삼아아파트,146
하원동,145
연동한일시티파크,143
수산리사무소앞,143
우령이마을,142
연동365의원,142
오름중학교,141
제주해변공연장,140
함덕비석거리,139
수협제주도지회,139
신사동(기점),139
(구)중앙파출소,138
표선환승정류장(표선리제주은행),138
고산동산,138
동미빌딩,138
대정농협,136
제주중앙고등학교,135
고으니모르국립제주박물관,135
신성여자중고등학교,134
삼화지구3단지,134
월성마을,134
산천단,134
봉개동주민센터,131
수선화아파트,131
도련초등학교,131
사라봉오거리,129
화북초등학교,128
창천리,126
신창환승정류장(한경면사무소),125
제주국제컨벤션센터,125
동광환승정류장2(영어교육도시방면),125
열린병원,125
성산포수협표선지점,125
신사동,124
애월환승정류장(애월리),124
제주여자중고등학교제주지방해양경찰청,124
평생학습관,123
연동입구,123
수모루,123
제주절물자연휴양림,122
매일올레시장7번입구,121
영주고등학교,121
국립제주박물관,120
신엄리,119
삼화부영1차아파트,117
광평,117
탑동입구,116
삼양1동,116
한마음병원,116
화북주공아파트입구,115
하례환승정류장(하례리입구),115
신천동,115
오광로입구,114
함덕리(4구),114
북촌리,113
제성마을,113
탐라중학교,112
효돈중학교,111
메종글래드제주,111
제주민속촌,110
월평마을,110
일도2동주민센터,109
오라오거리,109
금천마을,108
신설동,108
성산환승정류장(고성리회전교차로),108
고성리구성산농협,107
삼양종점,106
연대마을,106
붉은오름,105
무수천,105
도평초등학교,104
신협,102
탑동푸른쉼터,102
한림천주교회,100
영평상동마을회관,100
LH아파트,100
막상올레,97
한일베라체,97
한국국제학교,97
동광초등학교,96
동덕아파트,96
스위트호텔,95
서귀포여자중학교,95
보목신협,95
화북휴먼시아정문,94
구산마을,94
서귀포우체국서귀포시청제2청사,94
세화리시장2동,94
고산환승정류장(고산1리고산성당앞),94
해양연구소,94
민오름,93
위미문화의집,93
사라봉,92
중엄리,92
(구)중문동주민센터,91
서귀포산업과학고등학교,90
영평동,90
제주중앙여자중학교,90
영실매표소,90
월정리용천동,89
다호마을,89
함덕광명샤인빌앞,88
곽지해수욕장,88
하귀휴먼시아1단지,88
운전면허시험장,88
현대산부인과,87
용담어린이집,87
한국콘도입구,87
남주중고등학교,87
도순동,87
신제주초등학교,86
중흥S클래스아파트,86
월정리,86
오라3동,85
애월신협,84
월구마을,84
근로복지공단,84
연수마을,84
국제여객선터미널,83
대륜동주민센터,83
제주의료원,82
공천포,82
오라1동,82
농협지역본부,82
남주동,81
삼화초등학교,81
S중앙병원,81
유승한내들아파트,81
LH12단지,80
어리목,80
강정농협,80
대동마을,80
월랑입구,80
구좌중앙초등학교,79
종달초등학교,79
하귀휴먼시아입구,79
반참모르,78
법환농협,78
성산리입구,78
경제통상진흥원,77
제주영지학교,77
정든마을,77
천지동주민센터,77
한림여자중학교,77
농협보목지소,76
해오름아파트,76
김녕리,76
관전동,76
협재리,76
이도주공아파트,76
서귀중앙여자중학교,76
주공2단지,75
제일빌리지,75
제주교통방송아라아이파크,75
한림공원,75
예래입구,75
중흥/골드클래스아파트,75
고래왓,74
내도동동마을,74
사계리사무소,74
조천환승정류장(조천리사무소),74
화순리,74
서귀포농협,74
구엄리,74
한림주유소,73
상원동,73
고산환승정류장(고산1리),73
삼다체육공원입구,73
제주고등학교,73
신산마을,72
도리초등학교,72
송당로타리,71
동성마을,71
월산정수장입구,71
조천리새마을공장,71
사려니숲길,70
성산하이츠빌라,70
신화역사공원,69
조천만세동산,69
월랑로입구,69
삼정지에듀,69
우당도서관,69
신산환승정류장(성산농협신산지점),69
금능해수욕장,68
하례1리입구,68
뉴경남호텔,68
큰구릉내,68
혜성무지개타운,68
평화로광령1리입구,68
강정초등학교,68
으뜸마을,67
광지동,67
광령1리사무소,66
신사동(종점),66
아름마을아파트,66
애월리,66
동복리,66
상창보건진료소,65
의귀환승정류장(의귀초등학교),65
신제주오피스텔,65
제주신화월드테마파크,64
성읍농협,64
애월중학교,64
창천리남당물동산,64
제주학생문화원,63
블랭섬홀아시아,63
한국통신,63
명신마을,62
비자림,62
구산마을입구,62
제대아파트,62
제주시외버스터미널(종점),61
제주제일중학교,61
산굼부리,61
한림2리,60
모슬포우체국,60
관음사,60
오등동입구,60
법호촌온성학교,60
성읍1리,60
제주한라대학교(종점),60
오래물광장,60
시티주유소,59
인화동입구,59
회수마을회관,59
동화로입구,59
이도2동행정복지센터,59
산방산,59
국세공무원교육원공무원연금공단,59
제주도립미술관입구,59
한라생태숲,58
옹포사거리,58
세화리구좌농협,58
고내리,58
한림체육관,58
제주서중학교,58
금빛신협,58
제주월드컵경기장(600번),57
제주오설록티뮤지엄,57
가시나물,57
진양빌라,56
안덕계곡,56
뒤통모루,56
한림고등학교,56
대신중학교,56
매촌,55
플레이케이팝박물관,55
용흥동,55
인성리(남문지앞사거리),55
제주삼양동유적,55
제주자동차검사소,54
돈대산입구,54
망장포입구,53
하나로아파트,53
서귀포시중앙도서관,53
제주돌문화공원,53
영천동주민센터,53
동광환승정류장6(모슬포방면),53
위미초등학교,52
중문관광단지,52
1100도로입구,52
고성1리종합운동장,51
제주국제공항(종점),51
위미1리사무소,51
행원리,51
월령리,51
제일교동문시장입구,51
수정동,50
왕대왓,50
내도동서마을,50
봉성하나로마트,50
첨단꿈에그린2단지아파트,50
광치기해변,50
금능리,50
서귀포중학교,49
교래사거리,49
동홍동청소년문화의집,49
삼양해수욕장입구,49
제주동여자중학교,49
이도초등학교,49
안남동,49
제주국제자유도시개발센터,49
주암주택,49
보로미마을,48
탐라광장,48
대섬입구,48
제주국제컨벤션센터중문대포해안주상절리대,48
옹포리,48
태흥3리사무소,47
서귀포보건소,47
교래입구,46
법환새마을금고,46
도련반석스위트타운,46
신광사거리,46
광령초등학교,46
유수암상동,46
라마다프라자제주호텔,46
동성동,46
상예2동,46
아르미아파트,45
대원마을,45
이호동주민센터,45
현사마을,45
이화아파트,45
사라봉경로당입구,45
제대마을,44
중문관광단지여미지식물원입구,44
번대동,44
제주연안여객터미널,43
온평초등학교,43
섯가름,43
만장굴입구,43
광평동로,43
광평동로노형성당,43
판포리,42
남광로입구,42
신천리,42
한라산교회,42
방선문빌리지,42
고성2리,42
대정초교후문,42
탐라도서관,42
한동리서동,42
대포동,41
하예중동,41
천지연폭포입구,41
연미마을입구,40
동부보건소,40
신양리입구,40
하예하동,40
태흥초등학교,40
켄싱턴리조트악근천,40
세천동,40
하귀휴먼시아2단지앞,40
성읍농협앞,40
용두암현대1차아파트,40
덕수초등학교,39
용담사거리,39
월성마을회관,39
한국BMI,39
신천지아파트,39
탄산온천,39
명주주택,38
대천환승정류장(제주방향),38
무도동,38
부민장례식장,38
서광서리,37
산여리통입구,37
서귀포칼호텔,37
해녀박물관입구,37
이도근린공원,37
함덕5구,37
김녕미로공원,37
제주썬호텔,37
고성리성산농협,37
제주장애인요양원,36
우남동,36
영평하동,36
호근사거리,36
디지털융합센터,36
신세계빌라,36
해병부대,36
평안전문요양원,36
문화마을,36
신효동,36
표선고등학교,36
서소동,36
계명동입구,36
오도마을,35
우령서로입구,35
대천동주민센터,35
신도1리,35
한동리,35
거로사거리,35
납읍리사무소,35
장전리사무소,35
남광초등학교,34
교래리보건소,34
새서귀초등학교,34
고산우체국앞,34
평대리사무소,34
오라초등학교,34
성산고등학교,34
해녀박물관,34
뒷빌레,33
위미3리마을회관,33
서귀포고등학교,33
귀덕초등학교,33
표선파출소,33
샤인빌리조트입구,33
평대초등학교,33
승천로,32
애월읍사무소,32
여객선대합실,32
시흥리사무소,32
종달리,32
L마트,32
강창학종합경기장,32
김녕해수욕장,32
제주소방서,32
금능석물원,32
이호동동마을,31
서광리,31
동성마을입구,31
계명동,31
서귀포항,31
하천하동,31
예래동주민센터,31
솔동산입구,31
곽지모물,31
아시아CGI애니메이션센터,31
하나호텔한국관광공사,31
아랑조을거리입구,30
대원상동,30
별빛누리공원/난타공연장,30
용화로,30
표선오일시장,30
반석아르미아파트,30
어촌계입구,30
씨에스호텔,30
온난화대응농업연구소,30
문서교,30
신산로,30
천지연폭포(종점),30
어리목입구,30
남흘동,30
이호테우해수욕장,29
대천환승정류장(세화방향),29
자운당,29
주공6단지,29
제주여자중고등학교,29
새가름,29
도두동,29
하얏트호텔,29
법환초등학교,29
사계리동동,29
애월하나로마트,29
신평리,29
하도리,28
금성리,28
미듬아파트,28
혼인지입구,28
신흥교차로,28
한라도서관입구,28
미래컨벤션센터,28
삼주연립주택,28
제주도립미술관,27
성읍환승정류장(성읍1리사무소),27
신성동,27
서홍새마을금고,27
오조해녀의집,27
서성동,27
표선면충혼묘지,27
무릉1리리사무소앞,26
오봉교,26
성산리,26
삼달교차로,26
남원생활체육관,26
6호광장,26
도영슈퍼,26
고내리애월119센터,26
예래오마트,26
납읍리섯잣길,26
성읍2리,26
"다랑쉬오름입구(남),손지오름",26
달샘마을,26
수원리,26
수농원,26
이도수선화아파트,26
동광환승정류장1,26
롯데호텔,26
고산1리(구출장소),26
서홍동복지회관,26
하귀휴먼시아2단지입구,26
공물,25
도평마을입구,25
평대리동동,25
정실오거리,25
외돌개,25
공무원연금공단,25
서호북문,25
북촌리해동,25
한마음근린공원,25
구억리,25
굿밭거리,25
신례초등학교,25
성산포수협,25
화북서마을,24
원당봉,24
동회천,24
비양동,24
충혼묘지광장,24
화전마을,24
반석주택,24
학원동,24
와흘리,24
위미3리,24
부록마을,23
섭지코지,23
민속자연사박물관,23
하례2리입구,23
신풍입구,23
모감동,23
영락리,23
세화2리사무소,23
상예입구,23
초록마을,23
대화동,23
입석동,23
GM빌라,22
서호새마을금고,22
해안,22
강정천,22
헬스케어타운리조트,22
서귀포시외버스터미널,22
한라도서관,22
수원주유소,22
검은여입구,22
표선초등학교,22
동문,22
동물개동산앞,22
상효입구,22
대천환승정류장(표선방향),22
성산농협,22
선흘1리,22
화물청사입구,22
어영마을,22
신산마을입구,22
뒷동산,22
구억리옹기체험관,22
예래동노인회관,22
신산리,22
농협하나로마트,21
"테디밸리골프앤리조트,헬로키티아일랜드",21
가마초등학교,21
삼도1동주민센터,21
금산목,21
월라봉,21
서복전시관,21
하모3리축협,21
쇠소깍하효항입구,21
거로마을,21
대정읍사무소,21
조천체육관,21
송당초등학교,21
어음2리사무소,20
앞동산,20
수산리사무소,20
염돈,20
수산1리비석거리,20
진평연립입구,20
씨사이드홈,20
평대리서동,20
신천리취락구조,20
지세못,20
동명리,20
효돈농협하나로마트,20
붉은오름휴양림입구,20
공업단지입구,20
귀덕2리,20
고갠드르,20
계룡동,20
귀일중학교,20
금악리,20
두모리사무소,20
롯데시티호텔(600번),20
게이트볼장,20
교래리,20
NLCS제주,20
서귀포칼호텔(종점),20
서귀포향토오일시장,20
동광환승정류장3(한림방면),19
동문성당,19
고성리노인회관,19
솔대왓,19
대천환승정류장(교래방향),19
국제교회,19
서귀포초등학교,19
오션팰리스호텔,19
오름가름,19
신산머루,19
대포포구,19
도련2동,19
남국사,19
산이수동,19
서귀포자연휴양림,19
신라호텔,19
축산진흥원입구,19
전원마을,19
정실,19
제주아트리움,18
사평마을입구,18
보목동동네,18
용마로,18
수산초등학교,18
약천사,18
용담레포츠공원,18
해안로,18
비자림로교래입구,18
알뱅듸왓,18
교래자연휴양림,18
사거리,18
서진아파트,18
귀덕3리,18
제주자동차검사정비사업조합,17
표선도서관,17
갈왓,17
서회천,17
용당리,17
하귀2리,17
상귀리,17
광령2리,17
제주목장,17
동복리관광체험어장,17
한국전력변전소,17
황사평,17
한수리,17
서해안로,17
동일1리,17
산방복지회관,17
행원농공단지,17
사계리서동,17
한화아파트,17
오설록,17
이교동삼거리,17
성산리취락구조,17
연미월왓,17
신흥리취락구조,17
귀덕새마을금고,17
하천리마을입구,17
토평사거리,17
시흥리,16
충혼묘지,16
농협주유소,16
삼매봉입구,16
사동복지회관,16
쇠소깍입구,16
도평동,16
우도천진항,16
남조로검문소,16
예래생태체험관,16
색달동,16
안덕초등학교,16
판포리상동,16
못가름,16
무릉1리학교앞,16
상모3리,16
영등물,16
표선중학교,16
제주중앙중학교,16
제주평화양로원,16
회천입구,15
영평알동네,15
영산홍아파트,15
수망가름,15
남양맨션,15
광령3리사무소,15
선덕어린이집,15
양가왓,15
가흥동,15
산지변전소,15
희진주유소,15
납읍리,15
제석공원,15
용흥리,15
난산리사무소,15
성산농협종합유통센터,15
돔뱅이왓,15
광대왓,15
도련1동입구,15
공항초소,15
하동복지회관,15
동복리휴게소,15
상모리감협,15
한라초등학교,15
"방선문3차,4차빌리지",15
엘지마트,15
한라일보,14
의귀교회앞,14
묵은길입구,14
무릉문화의집,14
월평아왜낭목,14
메이즈랜드,14
보성초등학교,14
토평초등학교,14
양지(추모)공원,14
동광육거리,14
북촌다려마을,14
밤나무골,14
명도암입구삼거리,14
서문로터리,14
종합어시장,14
하추자보건소,14
흙통,14
첨단로8길,14
휴애리자연생활공원,14
선진동,14
제주해안경비단,14
고향모루,14
삼도119센터,14
대천환승정류장,13
오등동,13
용운동,13
동문정류소,13
송산동주민센터,13
토평반석타운,13
화북동마을,13
서부경찰서,13
성산국민체육센터,13
동상효,13
표선리사거리,13
고근산,13
고산문화의집,13
상가리동동,13
비석동,13
귀덕1리,13
동홍초등학교입구,13
유수암상동경로당,13
웃인다마을,13
공업단지,13
명월리,13
세화1리마을회관,13
효성빌라,13
추자중학교,13
상모리이교동,13
진우파크빌,13
감산리,13
수악교,13
조천읍사무소,13
호근새마을금고,13
영락사통,13
애월119센터,13
선반로입구,13
신례2리교차로,13
덕수리동동,13
대정초등학교,13
법호촌입구,12
신풍리하동,12
고성1리사무소,12
성산읍사무소,12
창천초등학교,12
창남거리,12
서건도입구,12
예원동,12
거문머들,12
묵리입구,12
무릉2리소공원,12
서귀포경찰서,12
가시농협,12
한림오일시장,12
몰래물,12
토요시장입구,12
일과2리사무소,12
송천교,12
삼담우체국,12
수망사거리,12
정혜재활원,12
제4부두,12
용천사입구,12
행원목장,12
삼양파출소사거리,12
답다니,12
삼화아파트,12
화북중마을,12
시각장애인복지관,12
장안그랜드빌라,12
보목포구(출발),11
항몽유적지입구,11
성박물관,11
제주버스터미널(종점),11
구몰리동,11
파인힐호텔,11
한국오우퍼빌,11
서광동리마을,11
화순문화마을,11
하가리오당빌레,11
만지동,11
거로복지회관,11
거로남쪽입구,11
진은동,11
폭낭사거리,11
서년듸,11
하례2리,11
대림사거리,11
한지동,11
선인동,11
대정농공단지입구,11
남원취락구조,11
큰솔동산,11
대수동,11
봉성리서성동,11
고산환승정류장(종점),11
월광로,11
법화사사거리,11
구한경의원앞,11
장전리동가름,11
덕천리,11
배튼개입구,11
신흥동,11
월정사,11
고성리장만이동산,11
농림축산검역본부,11
신풍리사무소,11
주공2아파트,11
하도리면수동,11
하천리중동,11
생각하는정원,11
주르레마을,11
농업기술원,11
연미입구,10
명도암마을회관,10
감산리서동,10
모슬포항,10
추자119지역센터,10
광령3리,10
정실마을,10
디삘레,10
돈내코,10
화순동취락지구,10
용강마을,10
용강동대합실,10
원불교,10
제주민속오일장입구,10
동백동산,10
국세공무원교육원국토교통부인재개발원,10
청수리,10
오희준공원,10
토평보목입구,10
제주국제공항입구,10
금등리마을,10
대포항,10
견월교,10
남문,10
유수암(거문덕이),10
자연빌라,10
신사수동,10
신효,10
숨비나리,10
하도리서문동,10
하도리동동,10
보목포구입구,10
상명리,10
평화의마을,10
산지물,10
서의동,10
상가리보건진료소,10
속도르,10
송악펜션단지,10
하도초등학교,9
고산1리,9
용강동,9
용강동퐁낭밭,9
선흘2리입구,9
방림원,9
용담새마을금고,9
하도리창흥동,9
안덕면사무소,9
용수리,9
용해로,9
와산리,9
성지요양원,9
고성오일시장,9
불미공방,9
서광서보건진료소,9
사가동,9
광령2리사무소,9
태흥3리,9
하가리주승골,9
산양리,9
제주사대부설중학교,9
당동산,9
청소년수련원,9
상가리,9
남성마을,9
김만덕기념관,9
예래사우나,9
상천리사무소,9
서상효,9
여의물,9
서귀포YWCA,9
진개동산,9
1100고지휴게소,9
막동산,9
동광리,8
중앙마을,8
4.3평화공원,8
달산봉입구,8
앞밭가름,8
구억리삼거리,8
안성리,8
대림입전동,8
영실입구,8
대흘1리,8
라임오렌지빌,8
삼달1리사무소,8
국세공무원교육원생활관,8
삼달1리삼거리,8
인향동,8
새마을금고연수원,8
신창리한경수협,8
한남리사무소,8
월평알동네,8
위미농협하례지소,8
덕수리군물왓,8
사농동산,8
월림삼거리,8
제주월드컵경기장서문,8
연미마을회관,8
유수암리사무소,8
삼달1리삼달보건진료소,8
염돈동,8
상창리사무소,8
911의원,8
웃거리,8
이기풍선교기념관,8
영락교회,8
도평입구,8
측골,8
바가잣도,8
그린카센터,8
장전알동네,8
제6부두,8
수산2리입구,8
동부경찰서,8
저지오름,8
동부하수처리장입구,8
강정새마을금고,8
낙선동,8
화북공업지역입구,8
수산2리생태체험센터,8
추자면자치센터,8
제주공룡원,8
난산동동네,8
거물여,8
영흥리,8
회수삼거리,8
수산1리사거리,8
동홍대림,7
금악초등학교,7
남원농협신흥지소,7
독벌은이동산,7
트릭아트뮤지엄,7
허물서,7
삼양검문소,7
방구동,7
성수동,7
제주세계자연유산센터거문오름,7
청화마을입구,7
상천리,7
제주시보건소,7
올리수,7
한경면사무소,7
지경곰,7
던덕모롤,7
안덕119센터,7
약천사(출발지),7
대흘초등학교,7
영흥리부녀회사무실,7
주거물,7
돈물교,7
하원초등학교,7
구좌보건소,7
수산교차로,7
동백동산습지센터,7
신흥2리보건진료소,7
와산삼거리,7
온평리,7
서건도,7
병문교,7
조수1리,7
남원중학교,7
색달마을입구,7
가물개공원,7
좌기동,7
동광문화마을,7
종보존연구센터,7
금능블루하와이,7
한라주택,7
봉개남문,7
용수리충혼묘지,7
어두모루,6
세화고등학교,6
사계어촌체험어장,6
대림리사무소,6
하가리연못,6
대림입구,6
낙천리,6
서귀포항입구,6
소보리당,6
상도리세화고등학교,6
광석동,6
연미마을,6
광평고치동산,6
유수암리,6
캐슬렉스골프클럽,6
일성콘도미니엄,6
한국방송통신대학,6
당동,6
신도3리,6
극락사,6
국민건강보험공단,6
노리매,6
의귀서동네,6
전경대입구,6
더럭초등학교,6
삼양3동포구,6
대흘2리,6
영평상동,6
서광동리소랑못,6
고도농원,6
신창중학교,6
동수동,6
성산고입구삼거리,6
함덕농협주유소,6
용흥리상동,6
라신동,6
신양리,6
환상숲곶자왈공원,6
새가름마을,6
묵리,6
고산1리육거리,6
제주항공우주박물관,6
주구동산,6
용눈이오름,6
동홍분식,6
오광로,6
아이뜨락공원,6
감귤단지,6
보성상동,6
"거슨새미오름,안돌오름",6
맹살공원,6
제주컨트리클럽,6
장구마을,5
임항로,5
하효마을회관,5
보목입구,5
명리동,5
신풍리사거리,5
신평리상동,5
남조순오름입구,5
신흥1번지,5
선흘목선동,5
동병듸,5
전원유치원,5
진부동,5
반석아파트,5
서부신협유통영농조합,5
삼매봉도서관,5
수산1리큰동네,5
수산2리,5
남원2리복지회관,5
감산입구,5
온천동,5
서호동마을회관,5
종합사격장,5
금능농공단지,5
선흘2리,5
가시리동하동,5
한마음선원입구,5
소인국테마파크,5
어음1리사무소,5
신선동,5
해병대제9여단,5
구시장터,5
신례교,5
대정서초등학교,5
원당분화원,5
윗가시나물,5
제주유리의성,5
용당,5
청수리사거리,5
산남내,5
대성목장,5
표선허브동산,5
열방대학,5
진드르,5
용흥리하동,5
사회복지법인춘강,5
세성로입구,5
토산관광지구입구,5
신안동,5
구억리상동,5
동광단지,5
토산보건진료소,5
다희연,5
가시리동상동,5
봉개체육공원,5
상수동,4
고장낭밭,4
하천상동회관앞,4
감귤박물관,4
선녀와나무꾼,4
세미마을,4
고수동,4
제주공천포전지훈련센터,4
서광서리사수동,4
하례돈야로,4
상모2리,4
송당물혹,4
석부작박물관,4
하효마을다목적회관,4
금산,4
소앵동입구,4
회수동,4
하효고막곶,4
처남빌레,4
중문동주민센터,4
군모루,4
제주삼다수,4
고산,4
조수리,4
세화3리삼거리,4
첨단행복주택,4
상도마을회관,4
하천리몰고랑터,4
제주조각공원입구,4
상명,4
서광동리웃네거리,4
교래분교,4
소길리,4
명월상동회관,4
부면동,4
동홍초등학교,4
노루생이삼거리,4
노루생태관찰원,4
인향동입구,4
아부오름,4
동원산업,4
아미휴먼빌,4
아라뜨래별,4
도평로광평마을입구,4
탐라도뚜리농장,4
백구동네,4
백구빌라입구,4
백약이오름,4
신례하동,4
대진유토피아,4
사려니마을,4
사라마을,4
사계용해경로당,4
대흘교차로,4
동방남비케길,4
동모루왓,4
신양1리,4
동남아파트,4
항애골,4
복호동입구,4
원동,4
봉개워터파크,4
웃가름,4
삼남내,4
대서리사무소,4
애조로광령1리입구,4
수산저수지입구,4
전국환경감시협회,4
수산2리비석거리,4
바스메,4
한원리,4
두인빌라삼거리,4
남원리월산동,4
두문이머세(두맹이골목),4
칠십리음식특화거리,4
예비군훈련장,4
안국사,4
머구낭동산,4
청용사,4
한의원,4
한라산둘레길,3
보성리하동,3
흙담솔사가,3
메밀동산,3
표선청년회의소,3
차남동산,3
"제주현대미술관,김창열미술관",3
목선동,3
함덕골,3
어음2리,3
엘리시안CC,3
볼목당,3
와산리경로당,3
지경동산,3
지명뒤,3
색달,3
돌선밭,3
토산1리리사무소앞,3
황사평성지,3
돈내코교,3
봉개교,3
법정사입구,3
차귀포구,3
오조리,3
주공아파트,3
파라다이스호텔입구,3
옛성정문,3
선돌목동길,3
하우목동,3
안성리사무소앞,3
선흘,3
뒤큰글,3
진진내,3
물곧밭,3
올란이,3
오조리입구,3
항몽유적지,3
회수사거리,3
가시리,3
심향사,3
신흥리복지회관,3
석수동,3
한림농협주유소,3
조천리상동,3
우당도서관입구,3
제일농장,3
우진교차로,3
대정읍다목적회관,3
대정고등학교,3
행장디,3
의귀산하동,3
봉성리사무소,3
산하동,3
켄싱턴제주호텔입구,3
스위스마을입구,3
명월리노인복지회관,3
소길리사무소,3
국학원,3
카카오,3
상가리서동,3
수산2리퐁낭거리,3
저지남동,3
추자해변장여관,3
저지리수동,3
송당리마을,3
정든마을3단지,3
금악보건진료소,3
남원2리,3
수룡동,3
하귀농협경제사업장,3
송악도서관,3
제석머리,3
난산입구(성산기상대),3
난산입구,3
낙천폭낭거리,3
대정농공단지,3
산이굴,3
광평리,3
토산1리노인회관,3
토산1리리사무소,3
제주조각공원,3
난산리노인복지회관,3
성연목장,3
원물오름,3
부영3차아파트,3
고수동회관,3
도깨비공원,3
광평교차로,3
제주웰컴센터,3
덕수리새마을금고,3
고지교,3
하천리취락구조,3
삼달1리,3
세화1리취락구조,3
위미중학교,3
성화마을회관,3
대한목공소,3
태흥목장,3
혜원정사,2
평화동,2
하귀반석,2
하도리신동,2
해병대아파트입구,2
차고지(가상),2
평지동옹기박물관,2
활오름,2
향토오일시장,2
첨단꿈에그린3단지아파트,2
황사평입구,2
토산1리노인회관앞,2
탐라교육원,2
추자교,2
칼호텔,2
추자보건지소,2
해아미,2
화성농장,2
폭남동,2
지방합동청사,2
하귀1리,2
축산마을,2
틀라목,2
한남교,2
혜정원아가의집,2
한흘마을입구,2
(구)구판장,2
히귀반석,2
웃송당,2
물진밭입구,2
묵리항,2
오렌지빌라,2
오조리상동입구,2
오조리하동,2
무릉리(사장동),2
모진이작지해수욕장입구,2
모구리야영장,2
용운사,2
명도암입구,2
두수동,2
자운당사거리,2
위호텔,2
동일2리,2
동상동삼거리,2
동부위생처리장입구,2
이시돌삼거리,2
도련서마을,2
덕수도련동,2
일과2리서림수원지입구,2
일도초등학교,2
일출랜드입구,2
오등상동,2
방애왓,2
배낭골,2
법기동,2
소암기념관,2
솜반천,2
송당리사무소,2
송당상동,2
셰프라인월드,2
수산리,2
선담밭,2
신양2리,2
신양2리입구,2
서문로터리입구,2
서광서리3교차로,2
서광리넙게오름(축협),2
상위미,2
상명리동카름,2
신흥2리,2
신흥2리사무소,2
신흥리포구,2
상귀동카름,2
사리물,2
봉개초등학교,2
보목신협앞,2
대흘리,2
소보리당입구,2
난산앞동산,2
제주평화박물관,2
제주레일바이크,2
제주항공우주호텔,2
제주서부신협,2
종달항,2
제일농장앞,2
제주시공동묘지관리소,2
관음사등산로입구,2
다랑쉬오름입구(북),2
대림한숲빌라,2
제지기오름,2
죽성마을입구,2
관통사,2
가원,2
조수1리중동,2
장애인복지회관,2
"남원읍충혼묘지,물영아리",2
상덕천마을입구,1
상명리동동,1
화순리동하동경로당,1
대평리사무소,1
상덕천,1
하효북문,1
화순리생태탐방로,1
산양곶자왈,1
비안동,1
불미터,1
복호동,1
광령2리입구,1
삼달2리사무소,1
화순해안경기안전센터사계출장소,1
하천리세골세,1
세계자동차제주박물관,1
(구)화산초등학교,1
KIS빌리지,1
감귤작목반입구,1
세화3리웃동네,1
세화1리북문,1
강다리,1
하늘정원,1
하덕천,1
세곳못,1
성산청소년수련원,1
하천리,1
하례1리,1
거린사슴전망대,1
서호초등학교,1
서호입구,1
고림동,1
환경시설관리소,1
고평동,1
별내린전망대,1
생이집동산,1
별진밭,1
방지물,1
한라산둘레길(천아숲길입구),1
한장동,1
남문동,1
두문포노린당,1
동홍반석아파트입구,1
내영굴,1
동상효회전교차로,1
농굴왓입구,1
함덕에덴빌리지,1
농기구수리센터,1
동모루,1
돗소,1
농협서부지점,1
도영슈퍼앞,1
도림사,1
더라목,1
헬스케어타운,1
대서리,1
대성동,1
향기마을,1
대흘2리새동네,1
소남동산,1
막거리,1
구오일시장,1
멍중내,1
번개과학체험관,1
구좌정수장,1
대한목장,1
화북초등학교후문,1
미타요양원,1
금능농공단지입구,1
문수동,1
금산학교마을,1
금악,1
한림발전소,1
금악입구,1
꽃동산,1
홍수암,1
명월하동,1
명월상동,1
명리동알동네,1
혼착밭,1
한스빌타운하우스,1
한울랜드,1
둔지오름,1
지미봉입구,1
소란마을,1
월림리,1
이시돌하단지,1
의귀초등학교,1
의귀리월산동,1
탐라승마장,1
응전동,1
은혜마을종점,1
유수암천,1
위미리(위미2리교차로),1
하귀리,1
월산동,1
테왓동네,1
원동입구,1
평지동,1
용흥리마을회관,1
용수리마을회관,1
통물,1
오등상동복지회관,1
예향원,1
예원동민회관앞,1
예담요양원,1
영주산,1
역지동,1
어음2리입구,1
어음1리입구,1
이천장물,1
이호동물병원,1
크라운골프연습장,1
자동차검사소,1
진군을리,1
진동산,1
주전동,1
존손이굴,1
진학농원,1
조천도서관,1
조수2리웃동네,1
조수2리,1
제주이야기,1
첨단과기단지입구교학촌아파트,1
제주노인복지타운,1
청수마을회관,1
제일교,1
"청화마을입구,진밭동네",1
정방동문화의집,1
추자면사무소,1
저지리신흥동,1
저지리성전동,1
저지리,1
장지동산,1
장머들,1
작박동네,1
칡오름,1
양잠단지,1
위미감협,1
석교동,1
신흥농장,1
하가입구,1
알송당,1
시청후문,1
신흥1리사무소,1
신산마을주차장,1
평화박물관입구,1
신풍리화단이소,1
앞거리,1
알밤오름,1
표선생활체육관,1
신안동교차로,1
양돈단지,1
하귀농협장례식장,1
신효웃동네,1
굴집터,0
까끄래기오름,0
제주시청,0
국립기상과학원,0
제주성지,0
제주모자원입구,0
성산서부게이트볼장,0
성산읍공설묘지입구,0
제주신화월드서머셋,0
김영갑갤러리두모악,0
선흘분교입구,0
섯동네,0
화랑마을,0
제2효레교,0
체오름,0
남영농장,0
남용통상,0
하례1리복지회관,0
남학교,0
전답동,0
저청중학교,0
선흘1리운동장,0
저지리알못,0
선인동사거리,0
선린지,0
하가리노인회관,0
제주연구원,0
성읍119지역센터,0
신명동,0
화순금모래해수욕장,0
세화3리중동네,0
흥국사,0
4.3평화공원입구,0
가시리사무소,0
가시리체육공원,0
효례교,0
효돈축구공원,0
중문골프장,0
각시물,0
중문게이트볼장,0
쇠질곳,0
강정의례회관,0
종합문예진흥사업소,0
거문오름입구,0
경흥농원,0
황세왓동산,0
고망난돌입구,0
고산2리전답동,0
고상동,0
고수동입구,0
조천만세동산(종점),0
골물동입구,0
화순해안경비안전센터사계출장소,0
하가삼거리,0
관광단지입구,0
신도2리,0
장전초등학교,0
제주해양경찰서,0
제주자동차운전학원,0
중문사거리,0
양수동입구,0
장작평사,0
대전동,0
안좌동,0
토산1리송천교,0
토산1리운동장,0
토산1리운동장입구,0
명춘동산,0
평화통일불사리탑,0
용마마을,0
목다운목,0
못거리,0
와흘상동,0
와흘,0
오라동주민센터,0
삼양3동,0
삼매봉중계소입구,0
삼매봉,0
평대,0
삼달1리게이트볼장,0
한라용사촌,0
벌탬못,0
영주고입구(2호동),0
평대마장,0
사장동,0
평화동회관,0
보목포구(도착),0
보성리상동,0
블루마운틴커피박물관,0
봉개큰동네,0
한남섯동네,0
불미거동산,0
만장굴,0
상모,0
위미2리교차로,0
신창리농산물종합유통센터,0
대천환승정류장(종점),0
행원리오션뷰2차,0
한남농장,0
서부보건소,0
하모체육공원,0
이화농장,0
더마파크,0
해안동,0
신양입구,0
서귀포동부도서관,0
도리초등학교(종점),0
서귀포농업기술센터,0
도순거린내,0
이스트힐스,0
한전사택,0
동광환승정류장(종점),0
이스트소프트,0
신창상동,0
동사라마을,0
신촌초등학교(종점),0
동상동,0
새소망요양병원,0
상효원수목원,0
동일2리입구,0
동하동,0
위미정수장,0
상창교차로,0
디케이서비스,0
풍력생태길입구,0
